ID,CODIGO-BARRA,DESCRICAO,PRECO-CUSTO,PRECO-VENDA,CATEGORIA
1,7891000248768,"KIT KAT AO LEITE 41,5G",,"R$ 5,60",CHOCOLATES
2,,"BALA MACIA ,MASTIGAVEL",,"R$ 39,90",
3,,MARSHMALLOW,,"R$ 81,90",MARSHMALLOW
4,,CARAMELOS E BALA DURA,,"R$ 49,90",
5,,BALA DE GOMA,,"R$ 42,90",BALA DE GOMA
6,,BALA GELATINA AGRANEL,,"R$ 84,90",BALA MACIA
8,,BALA DELIQUETE AMENDOIM E CONFETE,,"R$ 49,90",
51,78912359,BATON AO LEITE 16 GR,"R$ 1,05","R$ 2,30",CHOCOLATES
52,7895144028019,DROPS FRUIT-TELLA 41 GR,"R$ 0,00","R$ 3,60",DROPS
53,7896262304351,"DROPS MENTOS FRUIT 37,5 GR","R$ 0,00","R$ 3,60",DROPS
54,7896262304306,"DROPS MENTOS MINT 37,5 GR","R$ 0,00","R$ 3,60",DROPS
55,7895144603063,"DROPS MENTOS RED FRUIT 37,5 GR","R$ 0,00","R$ 3,60",DROPS
56,7896058506105,DROPS GOMETS TUBO FRUTAS 32 GR,"R$ 0,00","R$ 1,25",DROPS
57,7891151039710,"DROPS FREEGELLS AZEDINHO UVA 27,9 GR","R$ 0,66","R$ 1,25",DROPS
58,7891151039697,"DROPS FREEGELLS AZEDINHO MORANGO 27,9 GR","R$ 0,66","R$ 1,25",DROPS
59,7891151039574,"DROPS FREEGELLS CHOC 27,6 GR","R$ 0,00","R$ 1,25",DROPS
60,7896451900029,DROPS PASTILHA MINTY MENTA DOCILE 17 GR,"R$ 0,52","R$ 1,25",DROPS
61,7891151039598,"DROPS FREEGELLS 3X1 27,6 GR","R$ 0,00","R$ 1,25",DROPS
62,7891151041591,"DROPS FREEGELLS MELANCIA 27,9 GR","R$ 0,00","R$ 1,25",DROPS
63,7891151039895,"DROPS FREEGELLS VIT C 27,9 GR","R$ 0,00","R$ 1,25",DROPS
64,7891151039734,"DROPS FREEGELLS CEREJA 27,9 GR","R$ 0,00","R$ 1,25",DROPS
65,78938854,DROPS HALLS MELANCIA 28 GR,"R$ 0,00","R$ 2,20",DROPS
66,78938861,DROPS HALLS UVA VERDE 28 GR,"R$ 0,00","R$ 2,20",DROPS
67,78938816,"DROPS HALLS EXTRA FORTE 27,5 GR","R$ 0,00","R$ 2,20",DROPS
68,7898405067819,PIRULITO TOP FLASH ANEL DIAMANTE 10 GR,"R$ 0,00","R$ 8,99",PIRULITO
69,7898142865587,CHOCOLATE MEGA AERADO AO LEITE 22 GR,"R$ 0,00","R$ 2,50",CHOCOLATES
70,7897900312578,BARRA DE CEREAL TRIO BRIGADEIRO 20 GR,"R$ 1,97","R$ 2,95",BARRA DE CEREAL
71,7891000460207,PRESTIGIO AO LEITE 33 G,"R$ 0,00","R$ 3,60",CHOCOLATES
72,7891000251133,PRESTIGIO BRANCO 33 GR,"R$ 0,00","R$ 3,60",CHOCOLATES
73,7896058257281,DANIX SABOR CHOCOLATE 130 GR,"R$ 3,20","R$ 4,80",BOLACHAS
74,7891962067346,BOLINHO BAUDUCCO CHOCOLATE E BAUNILHA 40 GR,"R$ 0,00","R$ 2,80",BOLINHO
75,7891962000725,BOLINHO BAUDUCCO CHOCOLATE 40 GR,"R$ 0,00","R$ 2,80",BOLINHO
76,7891962031170,BOLINHO BAUDUCCO DUPLO CHOCOLATE 40 GR,"R$ 0,00","R$ 3,00",BOLINHO
77,7891962015620,BOLINHO BAUDUCCO MORANGO 40 GR,"R$ 0,00","R$ 2,80",BOLINHO
78,7891962050751,COOKIES ORIGINAL VISCONTI 60 GR,"R$ 0,00","R$ 3,70",BOLACHAS
79,7898024395232,NUTELLA 140 GR,"R$ 9,29","R$ 16,00",CHOCOLATES
80,7622300807399,BIS ORIGINAL 126 GR,"R$ 6,33","R$ 7,60",CHOCOLATES
81,7891000325131,CAIXA DE BOMBOM NESTLE ESPECIALIDADES 251 GR,"R$ 13,17","R$ 16,90",CHOCOLATES
82,7891008116632,CAIXA DE BOMBOM GAROTO 250 GR,"R$ 11,74","R$ 15,90",CHOCOLATES
83,7896877500209,BATATA CHIPS LISA PETISCO ORIGINAL 45 GR,"R$ 0,00","R$ 4,50",SALGADINHOS
84,7898088792039,SALGADINHO JOGADA PICANHA 35 GR,"R$ 1,09","R$ 2,25",SALGADINHOS
85,7898088792060,SALGADINHO JOGADA BACON 35 GR,"R$ 1,09","R$ 2,25",SALGADINHOS
86,7896481056123,SALGADINHO FABITOS CHURRASCO 50 GR,"R$ 0,00","R$ 2,25",SALGADINHOS
87,7898957757114,SALGADINHO KERUS CHURRASCO 43 GR,"R$ 0,00","R$ 2,25",SALGADINHOS
88,7891008121728,TALENTO AVELÃS 85 GR,"R$ 6,25","R$ 9,50",CHOCOLATES
89,7891008121629,TALENTO DOCE DE LEITE 85 GR,"R$ 0,00","R$ 9,50",CHOCOLATES
90,7891008121773,TALENTO CASTANHAS DO PARÁ 85 GR,"R$ 6,25","R$ 9,50",CHOCOLATES
91,7891008121575,TALENTO MEIO AMARGO AMENDOAS 85 GR,"R$ 0,00","R$ 9,50",CHOCOLATES
92,7896530719252,CHOCOLATE SUPREME AO LEITE 18 GR,"R$ 0,00","R$ 1,00",CHOCOLATES
93,7891000249239,"KIT KAT BRANCO 41,5 GR","R$ 2,74","R$ 5,60",CHOCOLATES
94,7891000248829,"KIT KAT DARK 41,5 GR","R$ 0,00","R$ 5,60",CHOCOLATES
95,7622210674050,BARRA DE CHOCOLATE DIAMANTE NEGRO 80 GR,"R$ 5,22","R$ 8,50",CHOCOLATES
96,7622210674319,BARRA DE CHOCOLATE LAKA 80 GR,"R$ 4,94","R$ 8,50",CHOCOLATES
97,7891330017348,CHOCOLATE NEUGEBAUER 90 GR,"R$ 0,00","R$ 6,99",CHOCOLATES
98,7622210567567,CHOCOLATE LACTA OREO 90 GR,"R$ 0,00","R$ 7,89",CHOCOLATES
99,7896306625145,TRENTO MASSIMO NUTS 30 GR,"R$ 0,00","R$ 3,25",CHOCOLATES
100,7896306623141,TRENTO MASSIMO MORANGO 30 GR,"R$ 0,00","R$ 3,25",CHOCOLATES
101,7896306618420,TRENTO MASSIMO CHOCOLATE 30 GR,"R$ 1,98","R$ 3,25",CHOCOLATES
102,7896306625022,TRENTO MASSIMO BRANCO COM COOKIES 25G,"R$ 0,00","R$ 3,25",CHOCOLATES
103,7896306625107,TRENTO MASSIMO DUO 30 GR,"R$ 0,00","R$ 3,25",CHOCOLATES
104,7896306617492,TRENTO DARK 32 GR,"R$ 0,00","R$ 2,95",CHOCOLATES
105,7622210573353,CHOCOLATE LAKA 34 GR,"R$ 0,00","R$ 4,60",CHOCOLATES
106,78912366,BATON BRANCO 16GR,"R$ 1,05","R$ 2,30",CHOCOLATES
107,7898142865082,"TORTUGUITA DE BRIGADEIRO 15,5 GR","R$ 0,99","R$ 2,50",CHOCOLATES
108,7898142865068,"TORTUGUITA BRANCO 15,5 GR","R$ 0,00","R$ 2,00",CHOCOLATES
109,7898094763559,CHOCOLATE BICHO MANIA 8 GR,"R$ 0,00","R$ 0,75",CHOCOLATES
110,7896969400882,AMASSYXUP DE CHOCOLATE COM AVELÃ 15 GR,"R$ 0,00","R$ 1,20",CHOCOLATES
111,7896383000446,MINI COLORETI 11 GR,"R$ 0,00","R$ 1,30",CHOCOLATES
112,7896969410201,AMASSYXUP DE MORANGO 15 GR,"R$ 0,00","R$ 1,20",CHOCOLATES
113,7898656685275,POP LITO APITO 11 GR,"R$ 1,30","R$ 2,60",PIRULITO
114,7898656685244,PIROLE ICE FRUTAS 15 GR,"R$ 0,00","R$ 4,75",PIRULITO
115,7898964630004,PIRULITO DIPLOKO UNICORNIO +NEON 10 GR,"R$ 0,00","R$ 2,99",PIRULITO
116,7898656685183,POP LITO CARROS PINTA LINGUA11 GR,"R$ 0,00","R$ 2,60",PIRULITO
117,7898656685152,POPLITO BEIJINHO 11 GR,"R$ 0,00","R$ 2,60",PIRULITO
118,7898656685121,POPLITO DINOSSAURO 11 GR,"R$ 0,00","R$ 3,40",PIRULITO
119,7898656685336,PIROLE ICE MILK 15 GR,"R$ 0,00","R$ 3,50",PIRULITO
120,7798040463413,PIRULITO SPRING POP MINIONS 14 GR,"R$ 0,00","R$ 3,60",PIRULITO
121,7898656685480,"PIRULITO POPLITO AZEMOLA 13,5 GR","R$ 0,00","R$ 2,99",PIRULITO
122,7898970162131,PIRULITO DIPLOKO NEON CAVEIRAS MEXICANAS 12 GR,"R$ 0,00","R$ 2,99",PIRULITO
123,7896064205207,BISCOITO AMANTEIGADO PEPPA PIG 100 GR,"R$ 0,00","R$ 2,90",BOLACHAS
124,7896064207942,BISCOITO LIGA DA JUSTIÇA SABOR CHOCOLATE 100 GR,"R$ 0,00","R$ 2,90",BOLACHAS
125,7896064207973,BISCOITO LIGA DA JUSTIÇA SABOR LEITE 100 GR,"R$ 0,00","R$ 2,90",BOLACHAS
126,7891330016068,CAIXA DE BOMBOM AMOR CARIOCA 200 GR,"R$ 8,43","R$ 11,90",CHOCOLATES
127,7896003711905,TEENS CHOCOLATE 30 GR,"R$ 1,99","R$ 3,00",BOLACHAS
128,,GARRAFA SQUEEZE BLOGUEIRA 2 LITROS,"R$ 0,00","R$ 28,90",GARRAFAS/SQUEEZE
129,7861002900117,FERRERO ROCHER DE 100G,"R$ 0,00","R$ 27,90",CHOCOLATES
130,7896003711912,TEENS CHOCOLATE BRANCO 30G,"R$ 0,00","R$ 2,70",BOLACHAS
131,7891008121874,TALENTO MORANGO 85G,"R$ 0,00","R$ 9,50",CHOCOLATES
132,7891008121674,TALENTO CEREAIS E PASSAS 85G,"R$ 0,00","R$ 9,50",CHOCOLATES
133,7898953602111,PAÇOCA ROLHA TRADICIONAL 15G,"R$ 0,00","R$ 0,50",PAÇOCA
134,,PAÇOCA COM CHOCOLATE PRETO,"R$ 0,45","R$ 0,75",PAÇOCA
135,,PAÇOCA COM CHOCOLATE BRANCO,"R$ 0,45","R$ 0,75",PAÇOCA
136,78939318,BOMBOM OURO BRANCO 20G,"R$ 1,02","R$ 1,75",CHOCOLATES
137,78939301,BOMBOM SONHO DE VALSA 20G,"R$ 0,00","R$ 1,75",CHOCOLATES
138,78931251,BOMBOM BEIJINHO,"R$ 0,00","R$ 1,50",CHOCOLATES
139,78917620,DUCREM AVELÃ E CHOCOLATE BRANCO,"R$ 0,00","R$ 0,50",CHOCOLATES
140,7896383072542,DUCREM ALGODÃO DOCE E MORANGO 10G,"R$ 0,00","R$ 0,50",CHOCOLATES
141,7896969410447,NUCITA NAPOLITANO BIG 25G,"R$ 0,41","R$ 1,50",CHOCOLATES
142,78954731,DUCREM NAPOLITANO 10G,"R$ 0,00","R$ 0,50",CHOCOLATES
143,78917644,DUCREM LEITE CONDENSADO COM AVELÃ,"R$ 0,00","R$ 0,50",CHOCOLATES
144,,GUARDA-CHUVA DE CHCOLATE,"R$ 0,22","R$ 0,50",CHOCOLATES
145,,SUSPIRO,"R$ 0,00","R$ 1,25",MARIA MOLE
146,,MARIA MOLE,"R$ 0,00","R$ 1,25",MARIA MOLE
147,,SORVETE QUENTE,"R$ 0,00","R$ 1,25",MARIA MOLE
148,,TETA BEL,"R$ 0,00","R$ 1,25",MARIA MOLE
149,7898405061190,OVO SURPRESA CHOCA DINO,"R$ 0,00","R$ 15,00",OVO
150,7898405065433,OVO SURPRESA UNICÓRNIO E PÔNEI,"R$ 0,00","R$ 15,00",OVO
151,7898656685305,BOLHA DE SABÃO 66ML,"R$ 0,00","R$ 3,50",OVO
152,7898906985032,ESTALINHOS COM 10 UNIDADES,"R$ 0,00","R$ 1,00",OVO
153,7896451903211,CHICLETE MINI XCLÉ TUTTI-FRUTTI 11G,"R$ 0,00","R$ 1,50",PIRULITO
154,7895144892825,CHICLETE MENTOS COOL WHITE,"R$ 0,00","R$ 2,50",PIRULITO
155,7895144899947,CHICLETE MENTOS PURE FRESH AZUL,"R$ 0,00","R$ 2,50",PIRULITO
156,7895144893730,CHICLETE MENTOS STRONG MINT PRETO,"R$ 0,00","R$ 2,50",PIRULITO
157,7895800304228,CHICLETE TRIDENT DE MENTA VERDE,"R$ 0,00","R$ 3,00",PIRULITO
158,7895800304211,CHICLETE TRIDENT DE HORTELÃ AZUL,"R$ 0,00","R$ 3,00",PIRULITO
159,7895800430002,CHICLETE TRIDENT TUTTI-FRUTTI ROSA,"R$ 0,00","R$ 3,00",PIRULITO
160,7622210564290,CHICLETE TRIDENT X SENSES INTENSE,"R$ 0,00","R$ 3,00",PIRULITO
161,7895144892931,CHICLETE MENTOS SPEARMINT VERDE,"R$ 0,00","R$ 2,50",PIRULITO
162,7895144899930,CHICLETE MENTOS MORANGO VERMELHO,"R$ 0,00","R$ 2,50",PIRULITO
163,7895800309780,CHICLETE TRIDENT DE MELANCIA VERMELHO,"R$ 0,00","R$ 3,00",PIRULITO
164,7891151031141,CHICLETE FREEGELLS GUM DE MENTA VERDE,"R$ 0,00","R$ 2,50",PIRULITO
165,7896043352595,CHICLETE DE OLHO TERROR ZONF MORANGO,"R$ 0,23","R$ 0,50",PIRULITO
166,,CHICLETE PLUTONITA BABA DE BRUXA,"R$ 0,18","R$ 0,50",PIRULITO
167,7891151032681,CHICLETE TNT METEORO AZUL,"R$ 0,00","R$ 0,50",PIRULITO
168,7895800002940,CHICLETE BUBBALOO DE MORANGO VERMELHO,"R$ 0,23","R$ 0,50",PIRULITO
169,7896451915528,CHICLETE XCLÉ TUTTI-FRUTTI UNICÓRNIO,"R$ 0,00","R$ 0,25",PIRULITO
170,7896451911988,CHICLETE XCLÉ UVA ROXO DOCILE,"R$ 0,00","R$ 0,25",PIRULITO
171,7896451911957,CHICLETE XCLÉ HORTELÃ VERDE DOCILE,"R$ 0,00","R$ 0,25",PIRULITO
172,7896104866351,BARRA DE CEREAL RITTER DE BRIGADEIRO 22G,"R$ 0,00","R$ 3,40",PIRULITO
173,7896104869369,BARRA DE CEREAL RITTER MORANGO E CHOCOLATE 25G,"R$ 0,00","R$ 3,40",BARRA DE CEREAL
174,,CHICLETE DE TATUAGEM,"R$ 0,07","R$ 0,20",PIRULITO
175,7896451914569,BALA CANUDINHO GREGO IOGURTE 15G,"R$ 0,00","R$ 1,50",BALA MACIA
176,7896451912893,MINI BEIJO 15G DOCILE VERMELHO,"R$ 0,65","R$ 1,50",BALA MACIA
177,7898591450686,MINI BANANA 15G FINI,"R$ 0,00","R$ 1,50",BALA MACIA
178,7896451912886,MINI DENTES DE VAMPIRO ÁCIDO 15G DOCILE,"R$ 0,65","R$ 1,50",BALA MACIA
179,7896451912909,MINI AMORAS 15G DOCILE,"R$ 0,00","R$ 1,50",BALA MACIA
180,7898656684308,GARRAFINHA DE MINI BALAS SABOR UVA 30G UNIÃO,"R$ 0,00","R$ 4,00",BALA MACIA
181,7898656684261,GARRAFINHA DE MINI BALAS SABOR GUARANÁ 30G,"R$ 0,00","R$ 3,00",BALA MACIA
182,7898656684285,GARRAFINHA DE MINI BALAS SABOR COLA 30G,"R$ 2,01","R$ 4,00",BALA MACIA
183,7898967923240,MINI JELLY 15G SABORES SORTIDOS,"R$ 0,00","R$ 1,00",BALA MACIA
184,7896423420180,CHOCOLATE SNICKERS 45G,"R$ 2,81","R$ 4,99",CHOCOLATES
185,9788594721983,LIVRO AQUA BOOK DOS VINGADORES,"R$ 0,00","R$ 26,90",LIVROS
186,6941075522063,MARCA TEXTO FORMATO DE BOMBOM,"R$ 0,00","R$ 20,90",CANETAS
187,6941075521288,MARCA TEXTO FORMATO DE BALA,"R$ 0,00","R$ 20,90",CANETAS
188,6924934290082,MARCA TEXTO FORMATO DE CANETA,"R$ 0,00","R$ 16,90",CANETAS
189,6924934290068,MARCA TEXTO FORMATO DE PIRULITO,"R$ 0,00","R$ 16,90",CANETAS
190,7896066729091,MORANGUETE MÉDIO 13G,"R$ 0,00","R$ 1,50",CHOCOLATES
191,7896066761879,MORANGUETE PEQUENO 9G,"R$ 0,00","R$ 0,75",CHOCOLATES
192,78934887,BOMBOM AMOR CARIOCA BRANCO 20G,"R$ 0,00","R$ 1,50",CHOCOLATES
193,78907188,BOMBOM AMOR CARIOCA 20G,"R$ 0,00","R$ 1,50",CHOCOLATES
194,,BOMBONS SORTIDOS NESTLÉ E GAROTO,"R$ 0,00","R$ 1,50",CHOCOLATES
195,7898953602036,DOCE PÉ DE MOÇA 51G,"R$ 0,00","R$ 2,00",PAÇOCA
196,,GELEIA DE MORANGO COM LARANJA,"R$ 0,00","R$ 2,00",MARIA MOLE
197,7898947980027,DOCE DE BANANINHA ZERO AÇÚCAR 30G,"R$ 1,40","R$ 2,80",BARRA DE CEREAL
198,7897900315678,BARRA DE CEREAL 0 AÇÚCAR TRIO BANANA E CHOCOLATE 18G,"R$ 0,00","R$ 3,45",BARRA DE CEREAL
199,7897900313070,BARRA DE CEREAL 0 AÇÚCAR TRIO MOUSSE DE CHOCOLATE 18G,"R$ 0,00","R$ 3,45",BARRA DE CEREAL
200,7896104865705,BARRA DE CEREAL 0 AÇÚCAR RITTER BRIGADEIRO 25G,"R$ 0,00","R$ 3,70",BARRA DE CEREAL
201,7896530722962,BARRINHA DE CHOCOLATE BRANCO ZERO AÇÚCAR LACIELLA 20G,,"R$ 2,90",CHOCOLATES
202,7896530722085,BARRINHA DE CHOCOLATE AO LEITE ZERO AÇÚCAR LACIELLA 20G,,"R$ 4,60",CHOCOLATES
203,7896530722986,BARRINHA DE CHOCOLATE 70% CACAU ZERO AÇÚCAR LACIELLA 20G,,"R$ 2,90",CHOCOLATES
204,7898947980010,DOCE DE BANANINHA CREMOSA 30G,,"R$ 1,70",MARIA MOLE
205,7898656685213,MÃMA LITO COM CRISTAIS EXPLOSIVOS 11G,,"R$ 3,00",PIRULITO
206,7898656685541,POPLITO AZE MÃMA COM PÓ AZEDINHO 11G,,"R$ 3,00",PIRULITO
207,7898405067789,PIRULITO SORVETINHO TOP FLASH,,"R$ 8,99",PIRULITO
208,7798040462881,PIRULITO JURASSIC WORLD SPRING POP 14G,,"R$ 4,50",PIRULITO
209,7898405064795,SLIME CAIXINHA DUO STILEKA 95G,,"R$ 5,90",OVO
210,7898405065235,OVO SURPRESA TATTOO MENINA 10G,,"R$ 4,90",OVO
211,7898405063941,OVO SURPRESA CARRINHOS TOY 10G,,"R$ 5,90",OVO
212,7898405063873,OVO SURPRESA DINOSSAUROS TOY 10G,,"R$ 5,90",OVO
213,,COPO DE CANUDO DO CAPITÃO AMÉRICA,,"R$ 14,90",COPOS
214,,COPO DE CANUDO AZUL DE POÁ,,"R$ 22,40",COPOS
215,,COPO COM CANUDO DE CAVEIRAS,,"R$ 11,90",COPOS
216,,COPO COM CANUDO DE SEREIA,,"R$ 24,90",COPOS
217,7899869500867,GARRAFA SQUEEZE AMARELO NEON 600ML,,"R$ 19,90",GARRAFAS/SQUEEZE
218,7898637113964,CANECA DE PROFISSÃO ODONTOLOGIA,,"R$ 18,90",CANECAS
219,7898637113940,CANECA DE PROFISSÃO MEDICINA VETERINÁRIA,,"R$ 18,90",CANECAS
220,,GARRAFA SQUEEZE DE BLOGUEIRA 300ML LILÁS E VERDE,,"R$ 17,90",GARRAFAS/SQUEEZE
221,7899768012232,CANECA P/CHOPP E CERVEJA DE VIDRO CAVEIRA ROSÉ GOLDEN 510ML,"R$ 0,00","R$ 39,90",CANECAS
222,7899768012249,"CANECA P/CHOPP E CERVEJA DE VIDRO, CAVEIRA DOURADO 510ML","R$ 0,00","R$ 39,90",CANECAS
223,7899725380612,BOLA MÁGICA,"R$ 0,00","R$ 22,90",BOLA MÁGICA
224,,NÉCESSAIRE AZUL DE PELO,"R$ 0,00","R$ 19,90",NECESSARIE
225,,NECESSAIRE MARROM DE PELO,"R$ 0,00","R$ 19,90",NECESSARIE
226,78938847,DROPS HALLS MORANGO 28G,"R$ 0,00","R$ 2,20",DROPS
227,7891151039772,"DROPS FREEGELLS EXTRA FORTE 27,9G","R$ 0,00","R$ 1,25",DROPS
228,7891151039796,"DROPS FREEGELLS MENTA 27,9G","R$ 0,00","R$ 1,25",DROPS
229,7891151039505,"DROPS FREEGELLS MORANGO CHOC 27,6G","R$ 0,00","R$ 1,25",DROPS
230,7896451907660,DROPS ROLLY MINTY 29G,"R$ 0,66","R$ 1,50",DROPS
231,78916982,PASTILHA,"R$ 0,00","R$ 2,90",DROPS
232,7896058595512,"PIRULITO DE YOGURTE MASTIGÁVEL 11,2G DORI","R$ 0,00","R$ 0,50",PIRULITO
233,7896058595550,"PIRULITO DE FRAMBOESA MASTIGÁVEL 11,2G DORI","R$ 0,00","R$ 0,50",PIRULITO
234,7896058595574,"PIRULITO DE CHOCOLATE MASTIGÁVEL 11,2G DORI","R$ 0,00","R$ 0,50",PIRULITO
235,7898083130126,PIRULITO FUMY CHAVINHO 30G,"R$ 0,00","R$ 2,00",PIRULITO
236,,PIRULITO BIG BIG DE MORANGO 12G,"R$ 0,00","R$ 0,60",PIRULITO
237,,PIRULITO MAÇA DO AMOR DO VERMELHO,"R$ 0,00","R$ 1,50",PIRULITO
238,,PIRULITO MAÇA DO AMOR DO ROXO DE UVA,"R$ 0,00","R$ 1,50",PIRULITO
239,,MOEDINHA DE CHOCOLATE,"R$ 0,00","R$ 0,50",CHOCOLATES
240,,BOLINHA E MORANGUINHO DE CHOCOLATE,"R$ 0,00","R$ 0,50",CHOCOLATES
241,,"PASTILLE MEGA DOCILE 8,75G","R$ 0,00","R$ 0,75",DROPS
242,,PORTA RETRATO,"R$ 0,00","R$ 18,90",NECESSARIE
243,,BOLSA DE FESTA CARAMELO,"R$ 0,00","R$ 19,90",NECESSARIE
244,,BOLSA DE PALHA,"R$ 0,00","R$ 13,00",NECESSARIE
245,,CARTEIRA FEMININA PRETA,"R$ 0,00","R$ 14,90",NECESSARIE
246,7898583380014,ÁGUA COM GÁS SANTA FÉ 510ML,"R$ 1,55","R$ 3,00",SALGADINHOS
247,7898583380052,"ÁGUA MINERAL NATURAL, SANTA FÉ 510ML","R$ 1,00","R$ 3,00",SALGADINHOS
248,7894900508017,BEBIDA POWER ADE SABOR FRUTAS TROPICAIS 500ML,"R$ 0,00","R$ 6,00",SALGADINHOS
249,7897524300647,REFRIGERANTE CRISTAL DE GUARANÁ 250ML,"R$ 0,00","R$ 2,30",SALGADINHOS
250,78908901,REFRIGERANTE COCA-COLA 200ML,"R$ 1,48","R$ 2,99",SALGADINHOS
251,7897524300654,REFRIGERANTE CRISTAL DE ABACAXI 250ML,"R$ 0,00","R$ 2,30",SALGADINHOS
252,7896005309902,SUCO TIAL DE UVA 200ML,"R$ 0,00","R$ 2,50",SALGADINHOS
253,7896005309919,SUCO TIAL DE PÊSSEGO 200ML,"R$ 0,00","R$ 2,50",SALGADINHOS
254,7896590802123,BEBIDA LÁCTEA SABOR CHOCOLATE CHOCO MIL,"R$ 1,09","R$ 2,00",SALGADINHOS
255,7899970402814,BARRA DE CHOCOLATE HERSHEY'S AO LEITE 82G,"R$ 0,00","R$ 8,50",CHOCOLATES
256,7622210674395,BARRA DE CHOCOLATE SHOT LACTA 80G,"R$ 0,00","R$ 8,50",CHOCOLATES
257,7891000369098,BARRA DE CHOCOLATE CLASSIC AO LEITE 80G,"R$ 6,15","R$ 8,50",CHOCOLATES
258,,GELADINHO DO GRANDE,"R$ 0,58","R$ 1,00",BEBIDAS
259,,GELADINHO DO PEQUENO,"R$ 0,29","R$ 0,50",BEBIDAS
260,,KIT CESTA AVULSO,"R$ 0,00","R$ 26,00",CESTAS
261,7896451913500,PACOTE DE MARSHMALLOW MORANGO RECHEADO DOCILE 220G,"R$ 6,77","R$ 12,90",MARSHMALLOW
262,,SACOLINHA SURPRESA,"R$ 0,00","R$ 2,00",CESTAS
263,7897892900012,PIPOCA DOCE FERA 10G,"R$ 0,00","R$ 0,40",SALGADINHOS
264,7897291110166,PIPOCA DOCE ARITANA 10G,"R$ 0,00","R$ 0,50",SALGADINHOS
265,7898591450402,PACOTE DE MARSHMALLOW VULCÃO ROSA FINI 250G,"R$ 0,00","R$ 15,90",MARSHMALLOW
266,7898591450389,PACOTE DE MARSHMALLOW VULCÃO AZUL DA FINI 250G,"R$ 0,00","R$ 15,90",MARSHMALLOW
267,7898591459818,PACOTE DE MARSHMALLOW CORAÇÃO DA FINI 250G,"R$ 0,00","R$ 13,90",MARSHMALLOW
268,7908228802426,PACOTE DE MARSHMALLOW TORÇÃO RECHEADO DE MORANGO 250G FINI,"R$ 0,00","R$ 15,90",MARSHMALLOW
269,7898591453793,PACOTE DE MARSHMALLOW TORÇÃO AZUL FINI 250G,"R$ 0,00","R$ 15,90",MARSHMALLOW
270,7898591454844,PACOTE DE MARSHMALLOW TORÇÃO ROSA FINI 250G,"R$ 0,00","R$ 15,90",MARSHMALLOW
271,7908228805069,PACOTE DE MARSHMALLOW DE ABÓBORA FINI MARSHBOO 250G,"R$ 0,00","R$ 13,90",MARSHMALLOW
272,7898196620019,PACOTE DE GELADINHO DO MENOR COM 40 UNIDADES,"R$ 0,00","R$ 17,50",BEBIDAS
273,,CESTA PREPARA CURSOS,"R$ 0,00","R$ 90,00",CESTAS
274,,COMPRAS EM GERAL,"R$ 0,00","R$ 184,92",CESTAS
275,7896481056079,SALGADINHO FABITOS QUEIJO 50G,"R$ 0,00","R$ 2,25",SALGADINHOS
276,7898591451591,OVOS FRITOS DA FINI SAQUINHO 90G SABOR TUTTI-FRUTTI,"R$ 0,00","R$ 9,90",MARSHMALLOW
277,,CHICLETE PLUTONITA LÍNGUA ÁCIDA VERDE,"R$ 0,00","R$ 0,50",CHICLETES
278,,CHICLETE PLUTONITA DENTADA ARDENTE VERMELHO,"R$ 0,00","R$ 0,50",CHICLETES
279,,CHICLETE PLUTONITA ABRAÇO CONGELANTE AZUL,"R$ 0,00","R$ 0,50",CHICLETES
280,,CHICLETE PLUTONITA MORDIDA DE ZUMBI AZUL,"R$ 0,00","R$ 0,50",CHICLETES
281,,CESTA CACHEPÔ,"R$ 0,00","R$ 18,00",CESTAS
282,,VENDAS AVULSAS,"R$ 0,00","R$ 23,25",CESTAS
283,7908228801672,"FINI TUBES GIGANTE TWISTER, FRUTAS SILVESTRES, AZUL 27G","R$ 0,00","R$ 2,50",MARSHMALLOW
284,7896004006277,"BATATA PRINGLES ORIGINAL 104,G","R$ 10,71","R$ 16,90",SALGADINHOS
285,7898967923295,POTE DE MINI GELATINAS COM 100 UNIDADES,"R$ 0,00","R$ 79,90",BALA DE GOMA
286,,"SACOLINHA SURPRESA DE 2,65","R$ 0,00","R$ 2,65",CESTAS
287,7898279794835,PACOTE DE CHICLETE SALADA DE FRUTAS FINI 450G,"R$ 0,00","R$ 21,90",CHICLETES
288,7891008121872,TALENTO DE MORANGO 85G,"R$ 0,00","R$ 9,50",CHOCOLATES
289,,NUCITA PEQUENA NAPOLITANO 10G,"R$ 0,33","R$ 0,75",CHOCOLATES
290,7896079846525,TUBIN DE CHOCOLATE 48G,"R$ 1,89","R$ 4,50",BOLACHAS
291,7896079846228,TUBIN DE AVELÃ 48G,"R$ 2,19","R$ 4,50",BOLACHAS
292,,CHICLETE PLUTONITA CABEÇA DE ABÓBORA,"R$ 0,00","R$ 0,50",CHICLETES
293,,PACOTE BALA CHITA 500G,"R$ 7,10","R$ 11,90",BALA MACIA
294,,PACOTE BALA BOLA 7 FRAMBOESA,"R$ 0,00","R$ 11,90",BALA MACIA
295,,"SACOLINHA SURPRESA DE 6,10","R$ 0,00","R$ 6,10",CESTAS
296,78932463,"DUCREM LOVE 25G CHOCOLATE COM AVELÃ, LEITE E MORANGO","R$ 0,00","R$ 1,50",CHOCOLATES
297,7896306623707,"BALA FANTASY FESTA 23,5G DE UNICÓNIO","R$ 0,00","R$ 1,40",BALA MACIA
298,,"SACOLINHA SURPRESA DE 2,00","R$ 0,00","R$ 3,90",CESTAS
299,7891000107836,CHOCOLATE SUFLAIR AO LEITE 50G,"R$ 3,95","R$ 6,50",CHOCOLATES
300,78917637,DUCREM DE BRIGADEIRO 10G,"R$ 0,00","R$ 0,50",CHOCOLATES
301,7908228801658,FINI TUBES GIGANTE IOGURTE DE MORANGO 27G,"R$ 0,00","R$ 2,50",MARSHMALLOW
302,7896423459012,CHOCOLATE SNICKERS MOUSSE DE LIMÃO 42G,"R$ 0,00","R$ 4,99",CHOCOLATES
303,,PACOTE BALA TOFFEE DE LIMÃO,"R$ 0,00","R$ 18,90",CARAMELO
304,7898196620040,PACOTE DE GELADINHO DO GRANDE COM 20 UNIDADES,"R$ 0,00","R$ 17,50",BEBIDAS
305,,CESTA,"R$ 0,00","R$ 109,90",CESTAS
306,7908228802402,PACOTE DE MARSHMALLOW TORÇÃO ROSA RECHEADO FINI 250G,"R$ 0,00","R$ 15,90",MARSHMALLOW
307,,CACHEPÔ VERMELHO,"R$ 0,00","R$ 4,00",CESTAS
308,7891151039758,DROPS FREEGELLS DE EUCALIPTO,"R$ 0,00","R$ 1,25",DROPS
309,7891151039536,DROPS FREEGELLS MENTA COM CHOCOLATE,"R$ 0,00","R$ 1,25",DROPS
310,7891151039659,DROPS FREEGELLS CREAM MORANGO COM RECHEIO,"R$ 0,00","R$ 1,25",DROPS
311,,BRINDES FLAP,"R$ 0,00","R$ 2,65",CESTAS
312,7896451922557,PACOTE DE MARSHMALLOW PIPOCA DOCE DOCILE 220G,"R$ 0,00","R$ 12,90",MARSHMALLOW
313,7896306621147,TRENTO MASSIMO DARK30G,"R$ 1,98","R$ 3,25",CHOCOLATES
314,78930230,BATON CREME AO LEITE 16G,"R$ 0,00","R$ 2,30",CHOCOLATES
315,,NUCITA MÉDIA NAPOLITANO 15G,"R$ 0,00","R$ 0,75",CHOCOLATES
316,,PIRULITO MAÇA DO AMOR DE MORANGO,"R$ 0,00","R$ 1,50",PIRULITO
317,,PIRULITO MAÇA DO AMOR DE CEREJA,"R$ 0,00","R$ 1,50",PIRULITO
318,7898963171928,PIRULITO DE OLHO DIP LOKO MONSTERS CABO NEON,"R$ 0,00","R$ 2,99",PIRULITO
319,,CHICLETE DRAGÃO CRIATURAS FRUTAS TROPICAIS,"R$ 0,00","R$ 0,50",CHICLETES
320,,CHICLETE CROCODILO CRIATURAS MIX DE UVAS,"R$ 0,00","R$ 0,50",CHICLETES
321,7896003737394,TEENS CHOCOLATE 80G,"R$ 3,45","R$ 6,80",BOLACHAS
322,,PIRULITO PÂNICO COM TATUAGEM DE LÍNGUA,"R$ 0,00","R$ 0,40",PIRULITO
323,,GARRAFA SQUEEZE BLOGUEIRA 900 ML,"R$ 0,00","R$ 23,90",GARRAFAS/SQUEEZE
324,7896077069896,PACOTE BALA ERLAN 400G,"R$ 6,71","R$ 12,90",BALA MACIA
325,7622300807283,CAIXA DE BIS BRANCO 126G COM 20,"R$ 0,00","R$ 7,50",CHOCOLATES
326,78936478,REFRIGERANTE FANTA 200ML,"R$ 1,48","R$ 2,99",BEBIDAS
327,7896286621373,PACOTE BALA AZEDINHA DE UVA 500G,"R$ 7,81","R$ 11,90",BALA MACIA
328,7895800201503,CHICLETE TRIDENT DE MORANGO 8G,"R$ 0,00","R$ 3,00",CHICLETES
329,7896079846129,TUBIN DE TRUFAS 48 GR,"R$ 0,00","R$ 4,50",BOLACHAS
330,,VENDAS DIVERSAS,"R$ 0,00","R$ 143,76",CHOCOLATES
331,7896058500189,DISQUETI DE CHOCOLATE DORI 18G,"R$ 0,00","R$ 1,80",CHOCOLATES
332,7898405068588,CORNETA POP BRINQUEDO COM BALINHAS,"R$ 0,00","R$ 4,90",OVO
333,7896451912527,CANUDINHO DOCILE ACIDO MORANGO 15 G,"R$ 0,00","R$ 1,50",MARSHMALLOW
334,7896451913586,BALA CANUDINHO UNICÓRNIO 15G,"R$ 0,63","R$ 1,50",BALA MACIA
335,78938823,DROPS HALLS MENTOL 28G,"R$ 0,00","R$ 2,20",DROPS
336,7891118013838,"CHICLETE PLUTONITA ZUMBISS 22,5","R$ 0,87","R$ 1,75",CHICLETES
337,7891000368572,BARRA DE CHOCOLATE MEIO AMARGO 40% CACAU NESTLE CLASSIC,"R$ 0,00","R$ 8,50",CHOCOLATES
338,7891000369371,BARRA DE CHOCOLATE CRUNCH NESTLE 80G,"R$ 0,00","R$ 8,50",CHOCOLATES
339,7896079846747,TUBIN NAPOLITANO 48G,"R$ 0,00","R$ 4,50",BOLACHAS
340,7896079846730,TUBIN DE MORANGO 48G,"R$ 0,00","R$ 4,50",BOLACHAS
341,7896079846471,TUBIN DE BRIGADEIRO 48G,"R$ 1,89","R$ 4,50",BOLACHAS
342,,CESTA PRAGUINHA,"R$ 0,00","R$ 38,00",CESTAS
343,,CESTA AVULSA,"R$ 0,00","R$ 80,00",CESTAS
344,7896481056093,SALGADINHO FABITOS BACON 50G,"R$ 0,00","R$ 2,25",SALGADINHOS
345,7898279799809,ALGODÃO DOCE FINI DE UVA 35G,"R$ 0,00","R$ 12,00",MARSHMALLOW
346,7898279798550,ALGODÃO DOCE FINI DE MORANGO 35G,"R$ 0,00","R$ 12,00",MARSHMALLOW
347,7898279799786,ALGODÃO DOCE FINI CLÁSSICO 35G,"R$ 0,00","R$ 12,00",MARSHMALLOW
348,7908228802006,CHICLETE FINI MORANGO AZEDINHO 14G,"R$ 0,00","R$ 1,70",CHICLETES
349,7898279792077,FINIBURGUEGUERS GELATINAS 90G,"R$ 0,00","R$ 9,40",MARSHMALLOW
350,7908228804505,PACOTE DE MARSHMALLOW FINI TORÇÃO ROSA RECHEADO 80G,"R$ 0,00","R$ 12,90",MARSHMALLOW
351,7908228804451,SMOO FREE FINI CEREJA E NATA 80G,"R$ 0,00","R$ 9,40",MARSHMALLOW
352,7896004007045,SALGADINHO CHEEZ-IT DE PARMESÃO 65G,"R$ 2,85","R$ 5,70",SALGADINHOS
353,7896306624025,TRENTO AVELÃ CHOCO BRANCO 2 UNIDADES 32G,"R$ 0,00","R$ 3,25",CHOCOLATES
354,78933873,REFRIGERANTE COCA-COLA ZERO 200ML,"R$ 0,00","R$ 2,99",BEBIDAS
355,7895800002933,CHICLETE BUBBALOO DE UVA ROXO,"R$ 0,24","R$ 0,50",CHICLETES
356,,"SACOLINHA SURPRESA 10,00","R$ 0,00","R$ 3,50",CESTAS
357,7622210596413,"CAIXA DE BOMBOM LACTA 250,6","R$ 0,00","R$ 18,90",CHOCOLATES
358,7622210641939,BARRINHA LAKA OREO 20G,"R$ 0,00","R$ 2,00",CHOCOLATES
359,7622300862282,BARRINHA DIAMANTE NEGRO 20G,"R$ 0,00","R$ 2,00",CHOCOLATES
360,7622300862367,BARRINHA LACTA CHOCOLATE E LEITE 20G,"R$ 0,00","R$ 2,00",CHOCOLATES
361,7896306623448,TRENTO DUO 2 UNIDADES 32G,"R$ 0,00","R$ 3,25",CHOCOLATES
362,7898967923639,PIRULITO BOKA LOKA 12G,"R$ 0,00","R$ 3,30",PIRULITO
363,7891008124477,BARRA DE CHOCOLATE GAROTO NEGRESCO 80G,"R$ 0,00","R$ 8,50",CHOCOLATES
364,7891008124071,BARRA DE CHOCOLATE GAROTO CROCANTE 80G,"R$ 0,00","R$ 8,50",CHOCOLATES
365,7891000368626,BARRA DE CHOCOLATE GALAK NESTLE 80G,"R$ 0,00","R$ 8,50",CHOCOLATES
366,,PACOTE DE PIRULITO BIG BIG,"R$ 0,00","R$ 10,90",PIRULITO
367,7896066760278,CAIXA DE TOP BEL,"R$ 0,00","R$ 40,00",CHOCOLATES
368,7891000329665,BARRA DE CHOCOLATE SUFLAIR DUO 80G,"R$ 0,00","R$ 8,90",CHOCOLATES
369,7891000336281,BARRA DE CHOCOLATE ALPINO BLACK TOP 85G,"R$ 0,00","R$ 8,90",CHOCOLATES
370,7891000336311,BARRA DE CHOCOLATE ALPINO WHITE TOP 85G,"R$ 6,14","R$ 8,90",CHOCOLATES
371,7891000336373,BARRA DE CHOCOLATE ALPINO AO LEITE 85G,"R$ 6,15","R$ 8,90",CHOCOLATES
372,7891008123975,BARRA DE CHOCOLATE GAROTO AO LEITE 80G,"R$ 0,00","R$ 8,50",CHOCOLATES
373,7891008125214,BARRA DE CHOCOLATE GAROTO BRANCO 80G,"R$ 0,00","R$ 8,50",CHOCOLATES
374,7891000368992,BARRA DE CHOCOLATE CLASSIC DUO 80G,"R$ 6,15","R$ 8,50",CHOCOLATES
375,7891000368947,BARRA DE CHOCOLATE CLASSIC PRESTÍGIO 80G,"R$ 0,00","R$ 8,50",CHOCOLATES
376,7896306625251,TRENTO BRANCO DARK 2 UNIDADES 32G,"R$ 0,00","R$ 3,25",CHOCOLATES
377,78939349,"CHICLETE PURE FRESH MENTOS AZUL 1,5G","R$ 0,00","R$ 0,50",CHICLETES
378,78939356,CHICLETE MENTOS PURE FRESH VERDE,"R$ 0,00","R$ 0,60",CHICLETES
379,7896306612824,TRENTO CREME 2 UNIDADES 32G AZUL,"R$ 1,92","R$ 3,25",CHOCOLATES
380,7908228804925,FINI TUBES GIGANTE AZEDINHOS DESENROLA E ESTIKA FRAMBOESA AZUL,"R$ 0,00","R$ 2,80",MARSHMALLOW
381,7896306621123,TRENTO CHEESECAKE DE MORANGO 32G 2 UNIDADES,"R$ 1,92","R$ 3,25",CHOCOLATES
382,7896306612817,TRENTO DE CHOCOLATE 32G 2 UNIDADES,"R$ 0,00","R$ 3,25",CHOCOLATES
383,7898933215980,COPO COM CANUDO DE NATAL AVULSO TURMA DO MICKEY VERDE,"R$ 0,00","R$ 13,90",COPOS
384,,COPO COM CANUDO DE NATAL RECHEADO,"R$ 0,00","R$ 22,90",COPOS
385,,"CANECA DE LOUÇA PARABÉNS, AVULSA","R$ 0,00","R$ 25,90",CANECAS
386,,"CANECA DE LOUÇA GRATIDÃO, FÉ, FELICIDADE, AVULSA","R$ 0,00","R$ 42,00",CANECAS
387,,KIT LEMBRANCINHA,"R$ 0,00","R$ 41,00",CESTAS
388,7898971133017,GARRAFINHA MINI DE NATAL,"R$ 0,00","R$ 6,95",GARRAFAS/SQUEEZE
389,7895521783418,COPO DE UNICÓNIO E LHAMA 400ML RECHEADO,"R$ 0,00","R$ 16,90",COPOS
390,7895144025117,DROPS FRUIT-TELLA DE CARAMELO 41G,"R$ 0,00","R$ 3,60",DROPS
391,,CANECA DE LOUÇA RECHEADA,"R$ 0,00","R$ 37,40",CANECAS
392,,URSO DE PELÚCIA,"R$ 0,00","R$ 35,00",
393,,"SACOLINHA SURPRESA 10,40","R$ 0,00","R$ 8,00",CESTAS
394,,CACHEPÔ VERMELHO RECHEADO,"R$ 0,00","R$ 20,00",CESTAS
395,7898142865044,"TORTUGUITA DE BAUNILHA 15,5G AZUL","R$ 0,00","R$ 2,50",CHOCOLATES
396,7891151039819,"DROPS FREEGELLS MORANGO MENTOL 27,9","R$ 0,00","R$ 1,25",DROPS
397,7891000462300,CHOKITO 32G,"R$ 2,02","R$ 2,95",CHOCOLATES
398,7898957757718,SALGADINHO KERUS DE PIZZA,"R$ 0,00","R$ 2,25",SALGADINHOS
399,7898957757107,SALGADINHO KERUS DE BACON 43G,"R$ 0,00","R$ 2,25",SALGADINHOS
400,,"CESTA PRAGUINHA 37,24","R$ 0,00","R$ 50,00",CESTAS
401,7896451912916,MINI BANANA DOCILE 15 GR,"R$ 0,00","R$ 1,50",MARSHMALLOW
402,7622210573322,CHOCOLATE DIAMANTE NEGRO 34G,"R$ 0,00","R$ 4,60",CHOCOLATES
403,7899970402852,BARRA DE CHOCOLATE HERSHEY'S COOKIES 'N' CREME,"R$ 0,00","R$ 8,50",CHOCOLATES
404,7622210673831,BARRA DE CHOCOLATE LACTA AO LEITE,"R$ 0,00","R$ 8,50",CHOCOLATES
405,7899970402876,BARRA DE CHOCOLATE HERSHEY'S OVOMALTINE 77G,"R$ 0,00","R$ 8,50",CHOCOLATES
406,7891118010769,CHICLETE CARTELA FLICS UVA 17G,"R$ 0,00","R$ 1,25",CHICLETES
407,7891118007820,CHICLETE CARTELA FLICS TUTTI-FRUTTI 17G,"R$ 0,00","R$ 1,25",CHICLETES
408,7898934595463,PIRULITO DIPLOKO MORANGO QUE EXPLODE NA BOCA 11G,"R$ 0,00","R$ 3,40",PIRULITO
409,7898934595500,PIRULITO DIPLOKO UVA QUE EXPLODE NA BOCA 11G,"R$ 0,00","R$ 3,40",PIRULITO
410,7896877500315,BATATA CHIPS LISA PICANHA COM BARBECUE 45G,"R$ 0,00","R$ 4,95",SALGADINHOS
411,7891151036160,CHICLETE CROC BUZZY MORANGO,"R$ 0,00","R$ 0,35",CHICLETES
412,7896306612831,TRENTO AVELÃS 2 UNIDADES 32G,"R$ 1,92","R$ 3,25",CHOCOLATES
413,7908228804826,FINI TUBES GIGANTE DESENROLA E ESTIKA TUTTI-FRUTTI 27G,"R$ 0,00","R$ 2,80",BALA MACIA
414,7908228802068,FINI TUBES GIGANTE ÁCIDO DE MORANGO 27G,"R$ 0,00","R$ 2,50",BALA MACIA
415,7891330017140,CAIXA DE BOMBOM AMOR CARIOCA BRANCO 200G,"R$ 0,00","R$ 10,90",CHOCOLATES
416,7622210575999,"BIS BRANCO 100,8G 16 UNIDADES","R$ 6,33","R$ 7,60",CHOCOLATES
417,7622210575975,"CAIXA DE BIS ORIGINAL 100,8G 16 UNIDADES","R$ 5,64","R$ 7,50",CHOCOLATES
418,7896451912497,BALA CANUDINHO MORANGO 15G DOCILE,"R$ 0,00","R$ 1,50",BALA MACIA
419,7896306618291,TRENTO TORTA DE LIMÃO 32G 2 UNIDADES,"R$ 0,00","R$ 3,25",CHOCOLATES
420,7896451922908,BALA PIRÂMIDES AZEDINHOS DOCILE 80G,"R$ 0,00","R$ 9,40",BALA MACIA
421,7896451922892,BALA CUBINHOS AZEDINHOS DOCILE 80G,"R$ 0,00","R$ 9,40",BALA MACIA
422,7908228801634,TUBES GIGANTE DE MORANGO 27G,"R$ 0,00","R$ 2,50",BALA MACIA
423,7896262301022,DROPS FRUIT-TELLA MASTIGÁVEL DE MORANGO 40G,"R$ 0,00","R$ 3,60",DROPS
424,7895144208442,"DROPS MENTOS FANTA LARANJA 37,5G","R$ 0,00","R$ 3,60",DROPS
425,7896004007021,SALGADINHO CHEEZ-IT DE CHEDDAR 65 G,"R$ 2,85","R$ 5,70",SALGADINHOS
426,7896004007823,SALGADINHO CHEEZ-IT SNAP´D NACHO COM QUEIJO 90G,"R$ 4,46","R$ 8,99",SALGADINHOS
427,7894900504002,BEBIDA POWER ADE SABOR MIX DE FRUTAS,"R$ 0,00","R$ 6,00",BEBIDAS
428,7894900010015,REFRIGERANTE COCA-COLA LATA 350ML,"R$ 2,90","R$ 4,50",BEBIDAS
429,7894900681178,REFRIGERANTE SPRITE LATA 220ML,"R$ 1,73","R$ 3,50",BEBIDAS
430,,PACOTE BALA NA PALHA DE MORANGO,"R$ 0,00","R$ 22,90",BALA MACIA
431,7622300830083,BISCOITO OREO 36G,"R$ 1,59","R$ 2,90",BOLACHAS
432,,PIRULITO DE ENERGÉTICO POP MANIA,"R$ 0,00","R$ 1,50",PIRULITO
433,,PIRULITO DE MAÇÃ VERDE DO AMOR,"R$ 0,00","R$ 1,50",PIRULITO
434,7894900950397,REFRIGERANTE GUARAPAN LATA 220ML,"R$ 1,73","R$ 3,50",BEBIDAS
435,7894900050394,REFRIGERANTE FANTA UVA DE LATA 220ML,"R$ 1,73","R$ 3,50",BEBIDAS
436,7894900030396,REFRIGERANTE FANTA LARANJA DE LATA 220ML,"R$ 1,73","R$ 3,50",BEBIDAS
437,7894900583700,SUCO KAPO DE MORANGO 200ML,"R$ 1,83","R$ 3,00",BEBIDAS
438,7894900593709,SUCO KAPO DE UVA 200ML,"R$ 1,83","R$ 3,00",BEBIDAS
439,7894900660432,SUCO DEL VALLE DE UVA 200ML,"R$ 1,83","R$ 3,00",BEBIDAS
440,7894900010398,REFRIGERANTE COCA-COLA LATA 220ML,"R$ 2,09","R$ 3,50",BEBIDAS
441,7898367983790,CERVEJA ARTESANAL EISENBAHN PILSEN 350ML,"R$ 0,00","R$ 5,95",BEBIDAS
442,7894900502046,BEBIDA POWER ADE SABOR TANGERINA 500ML,"R$ 0,00","R$ 6,00",BEBIDAS
443,7894900700398,REFRIGERANTE COCA-COLA ZERO LATA 220ML,"R$ 2,09","R$ 3,50",BEBIDAS
444,7896079820532,BOMBOM MO0NTEVERGINE CEREJA,"R$ 8,50","R$ 13,90",CHOCOLATES
445,,PIRULITO BICO LITO ENROLADINHO,"R$ 1,25","R$ 2,50",PIRULITO
446,,PIRULITO BICOLITAO,"R$ 4,20","R$ 11,00",PIRULITO
447,7896286621113,DROPS ICEKISS AZEDINHA PINK LEMONADE MASTIGÁVEL,"R$ 0,00","R$ 1,00",DROPS
448,7896286614191,DROPS ICEKISS MORANGO AZEDINHA,"R$ 0,00","R$ 1,25",DROPS
449,7896286615334,DROPS ICEKISS UVA AZEDINHA,"R$ 0,00","R$ 1,25",DROPS
450,,PIRULITO SPLASHPOP NAPOLITANO,"R$ 0,00","R$ 0,60",PIRULITO
451,78938878,DROPS HALLS MENTA PRATA,"R$ 0,00","R$ 2,20",DROPS
452,,PIRULITO DO AMOR DE FRAMBOESA,"R$ 0,00","R$ 1,50",PIRULITO
453,7897900310963,BARRA DE CEREAL TRIO MORANGO E CHOCOLATE 20G,"R$ 0,00","R$ 2,30",BOLACHAS
454,7622210528186,BARRA DE CHOCOLATE SONHO DE VALSA LACTA 98G,"R$ 0,00","R$ 8,90",CHOCOLATES
455,7891962051383,BOLINHO BAUDUCCO BAUNILHA COM CHOCOLATE 27G,"R$ 0,00","R$ 2,50",BOLINHO
456,7896058591743,DISQUETI DE CHOCOLATE BRANCO DORI 18G,"R$ 0,00","R$ 1,80",CHOCOLATES
457,,OVO DE PÁSCOA TAMANHO 05 20G,"R$ 0,00","R$ 2,90",CHOCOLATES
458,,OVISCO SABOR CHOCOLATE,"R$ 0,00","R$ 0,40",CHOCOLATES
459,7898930905297,PACOTE BALA NA PALHA 250G MEL,"R$ 0,00","R$ 22,90",CARAMELO
460,7896350800659,CHICLETE MONSTERS DE BOLA,"R$ 0,00","R$ 1,70",CHICLETES
461,7894900550092,SUCO DEL VALLE FRUT UVA 250 ML,"R$ 1,54","R$ 3,50",BEBIDAS
462,7894900666540,SUCO DEL VALLE FRUTAS CÍTRICAS 250 ML,"R$ 1,54","R$ 3,50",BEBIDAS
463,7622210933454,MINI OREO,"R$ 2,54","R$ 4,20",BOLACHAS
464,7896530712116,OVO DE PÁSCOA 240G,"R$ 0,00","R$ 31,90",OVO
465,,CESTA DE PÁSCOA,"R$ 0,00","R$ 50,00",CESTAS
466,,KIT DE PÁSCOA,"R$ 0,00","R$ 26,00",CESTAS
467,7898094762750,POTE DE OVO,"R$ 0,00","R$ 25,90",CHOCOLATES
468,7896530722009,OVO DE PÁSCOA 50G,"R$ 0,00","R$ 7,90",OVO
469,7896530722283,OVO DE PÁSCOA 80G,"R$ 0,00","R$ 13,90",OVO
470,,OVO DE PÁSCOA CASEIRO 100G LAÇO VERMELHO,"R$ 0,00","R$ 11,00",OVO
471,,OVO DE PÁSCOA CASEIRO 30G,"R$ 0,00","R$ 6,00",OVO
472,,OVO DE PÁSCOA CASEIRO 75G,"R$ 0,00","R$ 8,50",OVO
473,,OVO DE PÁSCOA CASEIRO 250G,"R$ 0,00","R$ 31,00",OVO
474,,MINI OVO DE PÁSCOA,"R$ 0,00","R$ 0,40",OVO
475,,CASCA DE OVO PÁSCOA,"R$ 0,00","R$ 26,90",CHOCOLATES
476,7896079820631,TRUFA DE CEREJA SEM ÁLCOOL 100G,"R$ 0,00","R$ 13,50",CHOCOLATES
477,7896079828637,TRUFA DE BRIGADEIRO 100G,"R$ 0,00","R$ 13,50",CHOCOLATES
478,7896079827630,TRUFA SABAOR TRUFA 100G,"R$ 0,00","R$ 13,50",CHOCOLATES
479,,PACOTE BALA TOFFEE DE CHOCOLATE 500G,"R$ 15,95","R$ 0,00",CARAMELO
480,,PACOTE BALA DURA DE MEL 600G,"R$ 17,91","R$ 0,00",CARAMELO
481,,OVO DE PÁSCOA 500G,"R$ 0,00","R$ 55,90",CHOCOLATES
482,7896058257298,DANIX CHOCO-SHAKE SENSAÇÃO,"R$ 3,20","R$ 4,80",BOLACHAS
483,7622210674357,BARRA DE CHOCOLATE LAKA OREO 80G,"R$ 6,15","R$ 8,50",CHOCOLATES
484,,CESTA XV ANOS,"R$ 0,00","R$ 163,00",CESTAS
485,,CESTA AZUL 45,"R$ 0,00","R$ 45,95",CESTAS
486,7891118012619,CHICLETE PLUTONITA ATOMIC MISTÉRIO22G,"R$ 0,80","R$ 1,75",CHICLETES
487,,PACOTE BALA TOFFEE INTENSE TRUFA 500G,"R$ 15,95","R$ 0,00",CARAMELO
488,,PACOTE BALA DADINHO DE AMENDOIM 600G,"R$ 19,66","R$ 0,00",MARSHMALLOW
489,,PACOTE BALA LILITH MAÇA VERDE 500G,"R$ 7,10","R$ 12,90",BALA MACIA
490,,PACOTE BALA AÇAÍ TRIBALA 500G,"R$ 12,80","R$ 0,00",CARAMELO
491,,PACOTE BALA MORANGO CESTINHA SANTA RITA 500G,"R$ 7,18","R$ 0,00",CARAMELO
492,7894900503029,BEBIDA POWER ADE SABOR LARANJA 500ML,"R$ 0,00","R$ 6,00",BEBIDAS
493,78939783,ICE TEA LEÃO SABOR LIMÃO 250ML,"R$ 1,45","R$ 2,90",BEBIDAS
494,78939806,ICE TEA LEÃO SABOR PÊSSEGO 250ML,"R$ 1,45","R$ 2,90",BEBIDAS
495,7896451924506,BALA CANUDINHO SUPER AZEDINHOS DOCILE 15G,"R$ 0,63","R$ 1,50",BALA MACIA
496,7896451912510,BALA CANUDINHO TUTTI-FRUITT ÁCIDO DOCILE 15G,"R$ 0,63","R$ 1,50",BALA MACIA
497,,PACOTE BALA TOFFEE CHOKKO MENTA 500G,"R$ 15,95","R$ 0,00",CARAMELO
498,,PACOTE BALA TOFFEE COCO 500G,"R$ 15,95","R$ 0,00",CARAMELO
499,,PACOTE BALA TOFFEE INTENSE MENTA 500G,"R$ 15,95","R$ 0,00",CARAMELO
500,,PACOTE BALA TOFFEE INTENSE CHOC 500G,"R$ 15,95","R$ 0,00",CARAMELO
501,,PACOTE BALA TOFFEE MUSSE DE MARACUJÁ 500G,"R$ 15,95","R$ 0,00",CARAMELO
502,,PACOTE BALA TOFFEE LEITE 500G,"R$ 15,95","R$ 0,00",CARAMELO
503,,PACOTE BALA DURA GOTA COLA 600G,"R$ 10,45","R$ 0,00",BALA MACIA
504,,PACOTE BALA ERLAN 600G,"R$ 7,38","R$ 0,00",BALA MACIA
505,,PACOTE BALA DURA SWEET KISS SORTIDA 600G,"R$ 8,07","R$ 0,00",BALA MACIA
506,,PACOTE BALA DURA MORANGO CESTINHA 500G,"R$ 7,89","R$ 0,00",BALA MACIA
507,,ALMOFADA AMOR,"R$ 0,00","R$ 21,50",NECESSARIE
508,,ALMOFADA DIA DAS MÃES,"R$ 0,00","R$ 20,00",NECESSARIE
509,7896451922502,CHICLETE XCLÉ CORAÇÃO MORANGO AZEDINHO,"R$ 0,14","R$ 0,50",CHICLETES
510,7891000329856,BARRA DE CHOCOLATE SUFLAIR AO LEITE 80G,"R$ 0,00","R$ 8,90",CHOCOLATES
511,7898656684674,BALA LIQUIDA SPRAY KIDS,"R$ 1,90","R$ 4,60",BALA MACIA
512,7898656684704,BALA LIQUIDA SPRAY ICE,"R$ 1,90","R$ 4,60",BALA MACIA
513,7898656685602,POPLITO AZEPUSH,"R$ 0,00","R$ 3,90",PIRULITO
514,7898656684278,BALA REFRI+ LARANJA,"R$ 0,00","R$ 4,00",BALA MACIA
515,7898656685459,POPLITO ESTRELINHA,"R$ 0,00","R$ 2,40",PIRULITO
516,7898656685763,BALA LIQUIDA SPRAY TEEN,"R$ 0,00","R$ 4,60",BALA MACIA
517,7898656685367,PIROLE CHOCOLATES,"R$ 0,00","R$ 4,75",PIRULITO
518,1220000250222,ENERGÉTICO MONSTER PEQUENO,"R$ 0,00","R$ 9,50",BEBIDAS
519,,CANECA DE MÃE,"R$ 0,00","R$ 40,00",CANECAS
520,7898094763122,PAÇOCA QUADRADA KI-KAKAU 21G,"R$ 0,00","R$ 0,70",PAÇOCA
521,7898656685060,PIRULITO GIRA GIRA 10G,,"R$ 5,95",PIRULITO
522,,CHUP-CHUP CASEIRO,,"R$ 5,50",CHOCOLATES
523,7898656685886,CHICLETE DE TIRA AZEDINHO 15G,,"R$ 4,50",CHICLETES
524,7896665200953,WAFER DANNY CHOCOLATE 70G,,"R$ 2,90",BOLACHAS
525,7898656685572,PIRULITO DE BOCA AZEDINHO,,"R$ 3,40",PIRULITO
526,7898656685664,CHICLETE DE TIRA 58G,,"R$ 11,90",CHICLETES
527,,CESTA PRESENTE,,"R$ 80,00",CESTAS
528,7898591455025,FINI TUBES AZEDINHOS 80G,,"R$ 8,90",MARSHMALLOW
529,7908228804994,FINI ROLLER AZEDINHO 20G,,"R$ 6,50",BALA MACIA
530,78938830,DROPS HALLS MENTA VERDE,,"R$ 2,20",DROPS
531,7896306624292,TRENTO MASSIMO BROWNIE 30G,,"R$ 3,25",CHOCOLATES
532,7894900025019,REFRIGERANTE COCA-COLA DE CAFÉ LATA 220ML,,"R$ 3,50",BEBIDAS
533,7894900531008,ÁGUA COM GÁS COCA-COLA 500ML,,"R$ 3,50",BEBIDAS
534,7894900530001,"ÁGUA MINERAL NATURAL, COCA-COLA 500G",,"R$ 3,00",BEBIDAS
535,7894900530353,"ÁGUA MINERAL NATURAL, COCA-COLA 300ML",,"R$ 2,00",BEBIDAS
536,7898656685428,PIRULITO AZEFLASH 11G,,"R$ 2,40",PIRULITO
537,7891008121193,CARIBE 28G GAROTO,,"R$ 4,20",CHOCOLATES
538,7898656685824,AZELITO REFRI COM PÓ AZEDINHO,,"R$ 2,95",PIRULITO
539,,LOUSA MÁGICA,,"R$ 17,90",LIVROS
540,78939363,BATON EXTRA MILK 16G,,"R$ 2,30",CHOCOLATES
541,7908228805007,FINI ROLLER AZEDINHO FRUTAS SORTIDAS 20G,"R$ 0,00","R$ 6,50",MARSHMALLOW
542,,BALA BAIANA,"R$ 0,00","R$ 3,50",CARAMELO
543,7908228802907,DROPS PASTILHA FINI MORANGO 14G,"R$ 0,00","R$ 1,90",DROPS
544,7898088791650,BATATA POINT CHIPS PICANHA 30G,"R$ 0,00","R$ 3,90",SALGADINHOS
545,,CORAÇÃO PELUCIA,"R$ 0,00","R$ 39,90",CESTAS
546,,PACOTE BALA SANTA RITA SORTIDA,"R$ 0,00","R$ 12,90",BALA MACIA
547,,PIRULITO DO CHAVES MÉDIO,"R$ 0,00","R$ 3,50",PIRULITO
548,,MOLA MALUCA,"R$ 0,00","R$ 7,00",OVO
549,,BALA NA PALHA,"R$ 0,64","R$ 1,00",CARAMELO
550,7898970162902,DIPLOKO PIZZA,"R$ 2,25","R$ 3,60",BALA DE GOMA
551,7898967923301,MONSTER GUMMY,"R$ 2,39","R$ 3,85",BALA DE GOMA
552,,MAÇÃ DO AMOR,"R$ 0,00","R$ 5,50",PIRULITO
553,7896306619434,TRENTO MARACUJÁ 32G 2 UNIDADES,"R$ 0,00","R$ 3,25",CHOCOLATES
554,,CHICLETE 7 BELO FRAMBOESA POOSH,"R$ 0,21","R$ 0,50",CHICLETES
555,,CHICLETE BRIGADEIRO FESTBALL,"R$ 0,30","R$ 0,60",CHICLETES
556,,CHICLETE BIG BIG,"R$ 0,13","R$ 0,25",CHICLETES
557,,CHICLETE ADAMS ROSA,"R$ 0,41","R$ 0,75",CHICLETES
558,,DIPLOKO OLHOS FAMINTOS,"R$ 0,00","R$ 5,80",MARSHMALLOW
559,7896058595468,PESCOÇO DE GIRAFA DORI MORANGO,"R$ 0,00","R$ 3,25",MARSHMALLOW
560,7898591450150,PACOTE DE MARSHMALLOW BORBOLETA FINI 250G,"R$ 0,00","R$ 14,90",MARSHMALLOW
561,7898656686760,GUMMY MANIA E DIVERSÃO 25G,"R$ 0,00","R$ 9,50",MARSHMALLOW
562,7898656685855,CHICLETE DE TIRA FRUTAS 15G,"R$ 0,00","R$ 4,50",CHICLETES
563,7898656686227,CHICLETE BRINCLET'S BALL'S,"R$ 0,00","R$ 2,20",CHICLETES
564,7898656686586,PASTILHA DE COLA FRUTIX 10G,"R$ 0,00","R$ 2,90",DROPS
565,,PÓ AZEDINHO TUBIX NEON,"R$ 0,00","R$ 0,60",DROPS
566,7891008124583,CHOCOLATE CROCANTE 25G,"R$ 0,00","R$ 4,20",CHOCOLATES
567,,GUMMY MANIA AZEDINHO,"R$ 0,00","R$ 4,50",BALA MACIA
568,7894900910391,REFRIGERANTE KUAT 220ML,"R$ 0,00","R$ 3,50",BEBIDAS
569,7894900910018,REFRIGERANTE KUAT 350ML,"R$ 0,00","R$ 4,50",BEBIDAS
570,7894900030013,REFRIGERANTE FANTA LARANJA 350ML,"R$ 0,00","R$ 4,50",BEBIDAS
571,7898656686494,PASTILHA DE UVA FRUTIX,"R$ 0,00","R$ 2,99",DROPS
572,7898957757091,SALGADINHO KERUS PRESUNTO 43G,"R$ 0,00","R$ 2,25",SALGADINHOS
573,7898656686135,CANDY GEL AZEDINHO,"R$ 0,00","R$ 14,90",MARSHMALLOW
574,7895144603087,DROPS MENTOS YOGURT MORANGO,"R$ 0,00","R$ 3,60",DROPS
575,7898142865037,TORTUGUITA AERADO AO LEITE,"R$ 0,00","R$ 2,50",CHOCOLATES
576,,PACOTE DE PIRULITO TOFFANO MINI,"R$ 9,60","R$ 16,90",PIRULITO
577,,GARRAFINHA MINI DE MENINO/MENINA,"R$ 0,00","R$ 8,90",GARRAFAS/SQUEEZE
578,7899808850466,COPO COM CANUDO HOMEM-ARANHA 280 ML,"R$ 0,00","R$ 26,90",COPOS
579,7896900203633,COPO COM CANUDO MULHER MARAVILHA 300 ML,"R$ 0,00","R$ 19,90",COPOS
580,7896900203664,COPO COM CANUDO HOMEM-ARANHA 300 ML,"R$ 0,00","R$ 19,90",COPOS
581,7899808852903,GARRAFA DO STITCH 530 ML,,"R$ 35,90",GARRAFAS/SQUEEZE
582,,GARRAFA DE CANUDO COM ALÇA,,"R$ 26,90",GARRAFAS/SQUEEZE
583,7898656686258,GUMMY MANIA SAPO 12G,,"R$ 4,90",MARSHMALLOW
584,7898405066591,ESPADA MANIA 22G,,"R$ 13,90",OVO
585,7898656685916,PIRULITO DE OLHO COM PÓ AZEDINHO E CABO LUMINOSO,,"R$ 3,25",PIRULITO
586,7891962007366,BARRINHA DE BISCOITO CHOCOLATE AO LEITE,,"R$ 2,90",BOLACHAS
587,7891962075792,WAFER BAUDUCCO DE PISTACHE 104G,,"R$ 5,99",BOLACHAS
588,7896306624933,TRENTO MILK 2 UNIDADES,,"R$ 3,25",CHOCOLATES
589,7891151039673,DROPS VIT. C CITRUS,,"R$ 1,25",DROPS
590,7896004006239,BATATA PRINGLES CREME E CEBOLA 109G,,"R$ 16,90",SALGADINHOS
591,7896004006406,BATATA PRINGLES CHURRASCO 109G,,"R$ 16,90",SALGADINHOS
592,7891962074665,BOLINHO BAUDUCCO GOTAS DE CHOCOLATE 40G,,"R$ 3,00",BOLINHO
593,7896451926692,MINI AMORA HALLOWEEN 15G,,"R$ 1,50",MARSHMALLOW
594,7896451923462,BALA CANUDINHO VASSOURA DE BRUXA 15G,,"R$ 1,50",MARSHMALLOW
595,7896451922113,MINI ABÓBORA DE GOMA HALLOWEEN 18G,,"R$ 1,50",BALA DE GOMA
596,78930193,BATON DUO 16G,,"R$ 2,30",CHOCOLATES
597,875754001562,WAFER BAUDUCCO CHOCOLATE 40G,,"R$ 4,00",BOLACHAS
598,875754001548,WAFER BAUDUCCO BAUNILHA 40G,,"R$ 4,00",BOLACHAS
599,7898656686289,GUMMY MANIA DINO 12G,,"R$ 4,90",MARSHMALLOW
600,7898967923592,PIRULITO RING LOKO DIAMANTE 12G,,"R$ 2,99",PIRULITO
601,7892840821197,SALGADINHO CHEETOS REQUEIJÃO 45G,,"R$ 4,60",SALGADINHOS
602,,URSINHO DE PELÚCIA,,"R$ 55,90",CESTAS
603,,BRINQUEDO ROBÔ,,"R$ 15,90",OVO
604,7896306624964,TRENTO TRUFA DE CHOCOLATE 32G 2 UNIDADES,,"R$ 3,25",CHOCOLATES
605,7896969410478,AMASSYXUP DE LEITE CONDENSADO 15G,,"R$ 1,20",CHOCOLATES
606,7894900660425,SUCO DEL VALLE DE PÊSSEGO 200 ML,,"R$ 3,00",BEBIDAS
607,7894900700015,REFRIGERANTE COCA-COLA ZERO LATA 350 ML,,"R$ 4,50",BEBIDAS
608,7894900509304,BEBIDA POWER ADE SABOR ABACAXI E KIWI 500ML,,"R$ 6,00",BEBIDAS
610,7894900681017,REFRIGERANTE SPRITE LATA 350ML,,"R$ 4,50",BEBIDAS
611,70847033301,ENERGÉTICO MONSTER 473ML,,"R$ 11,90",BEBIDAS
612,,PIRULITO BLONG DE ENERGÉTICO,,"R$ 1,50",PIRULITO
613,,PORTA BARRA COM MENSAGEM DE NATAL,,"R$ 16,90",CESTAS
614,,CARTÃO MENSAGEM COM PORTA CHOCOLATE DE NATAL,,"R$ 17,50",CESTAS
615,,CAIXA BARRA NATAL,,"R$ 7,90",CESTAS
616,,CAFÉ MÁQUINA,,"R$ 5,30",BEBIDAS
617,,CHOCOLATE QUENTE MÁQUINA,,"R$ 6,10",BEBIDAS
618,7891000412046,"KIT KAT TRIPLE CHOCOLATE 41,5G",,"R$ 5,60",CHOCOLATES
619,7896058502657,CHOCOCANDY PASTILHAS CONFEITADAS DORI 18G,,"R$ 1,75",CHOCOLATES